unique_id_l,unique_id_r,match_field,match_probability
EMP046604,EMP047229,bvn_hash,0.95
EMP046980,EMP047605,bvn_hash,0.95
EMP046748,EMP047373,bvn_hash,0.95
EMP047321,EMP046696,bvn_hash,0.95
EMP047680,EMP047055,bvn_hash,0.95
EMP046628,EMP047253,bvn_hash,0.95
EMP047658,EMP047033,bvn_hash,0.95
EMP047580,EMP046955,bvn_hash,0.95
EMP047571,EMP046946,bvn_hash,0.95
EMP046674,EMP047299,bvn_hash,0.95
EMP047695,EMP047070,bvn_hash,0.95
EMP046555,EMP047180,bvn_hash,0.95
EMP046516,EMP047141,bvn_hash,0.95
EMP047717,EMP047092,bvn_hash,0.95
EMP046615,EMP047240,bvn_hash,0.95
EMP046974,EMP047599,bvn_hash,0.95
EMP047168,EMP046543,bvn_hash,0.95
EMP046919,EMP047544,bvn_hash,0.95
EMP047167,EMP046542,bvn_hash,0.95
EMP046848,EMP047473,bvn_hash,0.95
EMP047565,EMP046940,bvn_hash,0.95
EMP047649,EMP047024,bvn_hash,0.95
EMP046742,EMP047367,bvn_hash,0.95
EMP047329,EMP046704,bvn_hash,0.95
EMP047472,EMP046847,bvn_hash,0.95
EMP046935,EMP047560,bvn_hash,0.95
EMP046574,EMP047199,bvn_hash,0.95
EMP046613,EMP047238,bvn_hash,0.95
EMP047083,EMP047708,bvn_hash,0.95
EMP047203,EMP046578,bvn_hash,0.95
EMP047306,EMP046681,bvn_hash,0.95
EMP046572,EMP047197,bvn_hash,0.95
EMP047494,EMP046869,bvn_hash,0.95
EMP047224,EMP046599,bvn_hash,0.95
EMP046868,EMP047493,bvn_hash,0.95
EMP046932,EMP047557,bvn_hash,0.95
EMP047470,EMP046845,bvn_hash,0.95
EMP047527,EMP046902,bvn_hash,0.95
EMP047405,EMP046780,bvn_hash,0.95
EMP046730,EMP047355,bvn_hash,0.95
EMP046505,EMP047130,bvn_hash,0.95
EMP047324,EMP046699,bvn_hash,0.95
EMP047656,EMP047031,bvn_hash,0.95
EMP046989,EMP047614,bvn_hash,0.95
EMP046802,EMP047427,bvn_hash,0.95
EMP046554,EMP047179,bvn_hash,0.95
EMP047239,EMP046614,bvn_hash,0.95
EMP046693,EMP047318,bvn_hash,0.95
EMP047103,EMP047728,bvn_hash,0.95
EMP047386,EMP046761,bvn_hash,0.95
EMP046670,EMP047295,bvn_hash,0.95
EMP047453,EMP046828,bvn_hash,0.95
EMP047356,EMP046731,bvn_hash,0.95
EMP047406,EMP046781,bvn_hash,0.95
EMP046679,EMP047304,bvn_hash,0.95
EMP047506,EMP046881,bvn_hash,0.95
EMP047148,EMP046523,bvn_hash,0.95
EMP047710,EMP047085,bvn_hash,0.95
EMP047038,EMP047663,bvn_hash,0.95
EMP047165,EMP046540,bvn_hash,0.95
EMP046798,EMP047423,bvn_hash,0.95
EMP046831,EMP047456,bvn_hash,0.95
EMP046596,EMP047221,bvn_hash,0.95
EMP047524,EMP046899,bvn_hash,0.95
EMP046860,EMP047485,bvn_hash,0.95
EMP047205,EMP046580,bvn_hash,0.95
EMP047261,EMP046636,bvn_hash,0.95
EMP047255,EMP046630,bvn_hash,0.95
EMP047639,EMP047014,bvn_hash,0.95
EMP047206,EMP046581,bvn_hash,0.95
EMP047339,EMP046714,bvn_hash,0.95
EMP047048,EMP047673,bvn_hash,0.95
EMP047051,EMP047676,bvn_hash,0.95
EMP046698,EMP047323,bvn_hash,0.95
EMP047435,EMP046810,bvn_hash,0.95
EMP047480,EMP046855,bvn_hash,0.95
EMP046936,EMP047561,bvn_hash,0.95
EMP047417,EMP046792,bvn_hash,0.95
EMP047441,EMP046816,bvn_hash,0.95
EMP047156,EMP046531,bvn_hash,0.95
EMP046515,EMP047140,bvn_hash,0.95
EMP046800,EMP047425,bvn_hash,0.95
EMP046795,EMP047420,bvn_hash,0.95
EMP047668,EMP047043,bvn_hash,0.95
EMP047575,EMP046950,bvn_hash,0.95
EMP047201,EMP046576,bvn_hash,0.95
EMP046752,EMP047377,bvn_hash,0.95
EMP047086,EMP047711,bvn_hash,0.95
EMP047134,EMP046509,bvn_hash,0.95
EMP047375,EMP046750,bvn_hash,0.95
EMP047379,EMP046754,bvn_hash,0.95
EMP046607,EMP047232,bvn_hash,0.95
EMP046926,EMP047551,bvn_hash,0.95
EMP046621,EMP047246,bvn_hash,0.95
EMP046982,EMP047607,bvn_hash,0.95
EMP047537,EMP046912,bvn_hash,0.95
EMP047310,EMP046685,bvn_hash,0.95
EMP047281,EMP046656,bvn_hash,0.95
EMP047208,EMP046583,bvn_hash,0.95
EMP047602,EMP046977,bvn_hash,0.95
EMP047584,EMP046959,bvn_hash,0.95
EMP046737,EMP047362,bvn_hash,0.95
EMP047171,EMP046546,bvn_hash,0.95
EMP046826,EMP047451,bvn_hash,0.95
EMP046633,EMP047258,bvn_hash,0.95
EMP046638,EMP047263,bvn_hash,0.95
EMP047119,EMP047744,bvn_hash,0.95
EMP047490,EMP046865,bvn_hash,0.95
EMP047720,EMP047095,bvn_hash,0.95
EMP047454,EMP046829,bvn_hash,0.95
EMP047079,EMP047704,bvn_hash,0.95
EMP046686,EMP047311,bvn_hash,0.95
EMP046767,EMP047392,bvn_hash,0.95
EMP047662,EMP047037,bvn_hash,0.95
EMP046856,EMP047481,bvn_hash,0.95
EMP047428,EMP046803,bvn_hash,0.95
EMP047736,EMP047111,bvn_hash,0.95
EMP046879,EMP047504,bvn_hash,0.95
EMP047629,EMP047004,bvn_hash,0.95
EMP047056,EMP047681,bvn_hash,0.95
EMP047214,EMP046589,bvn_hash,0.95
EMP047102,EMP047727,bvn_hash,0.95
EMP047072,EMP047697,bvn_hash,0.95
EMP047743,EMP047118,bvn_hash,0.95
EMP047573,EMP046948,bvn_hash,0.95
EMP047351,EMP046726,bvn_hash,0.95
EMP047437,EMP046812,bvn_hash,0.95
EMP046557,EMP047182,bvn_hash,0.95
EMP047159,EMP046534,bvn_hash,0.95
EMP047650,EMP047025,bvn_hash,0.95
EMP046870,EMP047495,bvn_hash,0.95
EMP047146,EMP046521,bvn_hash,0.95
EMP047604,EMP046979,bvn_hash,0.95
EMP047089,EMP047714,bvn_hash,0.95
EMP047126,EMP046501,bvn_hash,0.95
EMP046827,EMP047452,bvn_hash,0.95
EMP047028,EMP047653,bvn_hash,0.95
EMP046640,EMP047265,bvn_hash,0.95
EMP046632,EMP047257,bvn_hash,0.95
EMP047576,EMP046951,bvn_hash,0.95
EMP046901,EMP047526,bvn_hash,0.95
EMP046794,EMP047419,bvn_hash,0.95
EMP046740,EMP047365,bvn_hash,0.95
EMP046570,EMP047195,bvn_hash,0.95
EMP046747,EMP047372,bvn_hash,0.95
EMP047204,EMP046579,bvn_hash,0.95
EMP047346,EMP046721,bvn_hash,0.95
EMP047177,EMP046552,bvn_hash,0.95
EMP047498,EMP046873,bvn_hash,0.95
EMP047626,EMP047001,bvn_hash,0.95
EMP047591,EMP046966,bvn_hash,0.95
EMP046618,EMP047243,bvn_hash,0.95
EMP046774,EMP047399,bvn_hash,0.95
EMP046661,EMP047286,bvn_hash,0.95
EMP046573,EMP047198,bvn_hash,0.95
EMP046789,EMP047414,bvn_hash,0.95
EMP046801,EMP047426,bvn_hash,0.95
EMP047301,EMP046676,bvn_hash,0.95
EMP047609,EMP046984,bvn_hash,0.95
EMP047074,EMP047699,bvn_hash,0.95
EMP047248,EMP046623,bvn_hash,0.95
EMP046776,EMP047401,bvn_hash,0.95
EMP046549,EMP047174,bvn_hash,0.95
EMP047433,EMP046808,bvn_hash,0.95
EMP046913,EMP047538,bvn_hash,0.95
EMP047107,EMP047732,bvn_hash,0.95
EMP047636,EMP047011,bvn_hash,0.95
EMP046522,EMP047147,bvn_hash,0.95
EMP046547,EMP047172,bvn_hash,0.95
EMP047073,EMP047698,bvn_hash,0.95
EMP047393,EMP046768,bvn_hash,0.95
EMP046627,EMP047252,bvn_hash,0.95
EMP046680,EMP047305,bvn_hash,0.95
EMP047288,EMP046663,bvn_hash,0.95
EMP046900,EMP047525,bvn_hash,0.95
EMP047596,EMP046971,bvn_hash,0.95
EMP047275,EMP046650,bvn_hash,0.95
EMP046610,EMP047235,bvn_hash,0.95
EMP047216,EMP046591,bvn_hash,0.95
EMP047087,EMP047712,bvn_hash,0.95
EMP047133,EMP046508,bvn_hash,0.95
EMP046763,EMP047388,bvn_hash,0.95
EMP046695,EMP047320,bvn_hash,0.95
EMP046758,EMP047383,bvn_hash,0.95
EMP047460,EMP046835,bvn_hash,0.95
EMP046849,EMP047474,bvn_hash,0.95
EMP047690,EMP047065,bvn_hash,0.95
EMP046894,EMP047519,bvn_hash,0.95
EMP046842,EMP047467,bvn_hash,0.95
EMP046941,EMP047566,bvn_hash,0.95
EMP047358,EMP046733,bvn_hash,0.95
EMP047044,EMP047669,bvn_hash,0.95
EMP047186,EMP046561,bvn_hash,0.95
EMP047091,EMP047716,bvn_hash,0.95
EMP047395,EMP046770,bvn_hash,0.95
EMP046553,EMP047178,bvn_hash,0.95
EMP047192,EMP046567,bvn_hash,0.95
EMP046756,EMP047381,bvn_hash,0.95
EMP047287,EMP046662,bvn_hash,0.95
EMP047621,EMP046996,bvn_hash,0.95
EMP047237,EMP046612,bvn_hash,0.95
EMP047447,EMP046822,bvn_hash,0.95
EMP047568,EMP046943,bvn_hash,0.95
EMP047225,EMP046600,bvn_hash,0.95
EMP046643,EMP047268,bvn_hash,0.95
EMP047730,EMP047105,bvn_hash,0.95
EMP047068,EMP047693,bvn_hash,0.95
EMP047608,EMP046983,bvn_hash,0.95
EMP046545,EMP047170,bvn_hash,0.95
EMP047242,EMP046617,bvn_hash,0.95
EMP047670,EMP047045,bvn_hash,0.95
EMP047461,EMP046836,bvn_hash,0.95
EMP047718,EMP047093,bvn_hash,0.95
EMP047616,EMP046991,bvn_hash,0.95
EMP047371,EMP046746,bvn_hash,0.95
EMP047349,EMP046724,bvn_hash,0.95
EMP047122,EMP047747,bvn_hash,0.95
EMP046689,EMP047314,bvn_hash,0.95
EMP047476,EMP046851,bvn_hash,0.95
EMP046888,EMP047513,bvn_hash,0.95
EMP047071,EMP047696,bvn_hash,0.95
EMP047542,EMP046917,bvn_hash,0.95
EMP047558,EMP046933,bvn_hash,0.95
EMP047046,EMP047671,bvn_hash,0.95
EMP046915,EMP047540,bvn_hash,0.95
EMP047340,EMP046715,bvn_hash,0.95
EMP047084,EMP047709,bvn_hash,0.95
EMP047578,EMP046953,bvn_hash,0.95
EMP047679,EMP047054,bvn_hash,0.95
EMP047289,EMP046664,bvn_hash,0.95
EMP047267,EMP046642,bvn_hash,0.95
EMP046684,EMP047309,bvn_hash,0.95
EMP047738,EMP047113,bvn_hash,0.95
EMP046999,EMP047624,bvn_hash,0.95
EMP046702,EMP047327,bvn_hash,0.95
EMP047154,EMP046529,bvn_hash,0.95
EMP046525,EMP047150,bvn_hash,0.95
EMP046644,EMP047269,bvn_hash,0.95
EMP047220,EMP046595,bvn_hash,0.95
EMP047344,EMP046719,bvn_hash,0.95
EMP047067,EMP047692,bvn_hash,0.95
EMP047702,EMP047077,bvn_hash,0.95
EMP047430,EMP046805,bvn_hash,0.95
EMP047100,EMP047725,bvn_hash,0.95
EMP046918,EMP047543,bvn_hash,0.95
EMP046654,EMP047279,bvn_hash,0.95
EMP046690,EMP047315,bvn_hash,0.95
EMP047509,EMP046884,bvn_hash,0.95
EMP047630,EMP047005,bvn_hash,0.95
EMP046880,EMP047505,bvn_hash,0.95
EMP047478,EMP046853,bvn_hash,0.95
EMP047559,EMP046934,bvn_hash,0.95
EMP047390,EMP046765,bvn_hash,0.95
EMP047249,EMP046624,bvn_hash,0.95
EMP046512,EMP047137,bvn_hash,0.95
EMP046905,EMP047530,bvn_hash,0.95
EMP047469,EMP046844,bvn_hash,0.95
EMP046863,EMP047488,bvn_hash,0.95
EMP046743,EMP047368,bvn_hash,0.95
EMP046930,EMP047555,bvn_hash,0.95
EMP047446,EMP046821,bvn_hash,0.95
EMP047611,EMP046986,bvn_hash,0.95
EMP047553,EMP046928,bvn_hash,0.95
EMP046931,EMP047556,bvn_hash,0.95
EMP047678,EMP047053,bvn_hash,0.95
EMP046995,EMP047620,bvn_hash,0.95
EMP047209,EMP046584,bvn_hash,0.95
EMP047010,EMP047635,bvn_hash,0.95
EMP047449,EMP046824,bvn_hash,0.95
EMP047742,EMP047117,bvn_hash,0.95
EMP046825,EMP047450,bvn_hash,0.95
EMP047615,EMP046990,bvn_hash,0.95
EMP046788,EMP047413,bvn_hash,0.95
EMP047294,EMP046669,bvn_hash,0.95
EMP046658,EMP047283,bvn_hash,0.95
EMP046647,EMP047272,bvn_hash,0.95
EMP047429,EMP046804,bvn_hash,0.95
EMP046652,EMP047277,bvn_hash,0.95
EMP047550,EMP046925,bvn_hash,0.95
EMP047706,EMP047081,bvn_hash,0.95
EMP046556,EMP047181,bvn_hash,0.95
EMP047432,EMP046807,bvn_hash,0.95
EMP046757,EMP047382,bvn_hash,0.95
EMP047127,EMP046502,bvn_hash,0.95
EMP047109,EMP047734,bvn_hash,0.95
EMP047422,EMP046797,bvn_hash,0.95
EMP047022,EMP047647,bvn_hash,0.95
EMP047675,EMP047050,bvn_hash,0.95
EMP046773,EMP047398,bvn_hash,0.95
EMP046981,EMP047606,bvn_hash,0.95
EMP046694,EMP047319,bvn_hash,0.95
EMP046697,EMP047322,bvn_hash,0.95
EMP046665,EMP047290,bvn_hash,0.95
EMP047655,EMP047030,bvn_hash,0.95
EMP046577,EMP047202,bvn_hash,0.95
EMP046949,EMP047574,bvn_hash,0.95
EMP046939,EMP047564,bvn_hash,0.95
EMP047303,EMP046678,bvn_hash,0.95
EMP047637,EMP047012,bvn_hash,0.95
EMP046791,EMP047416,bvn_hash,0.95
EMP046834,EMP047459,bvn_hash,0.95
EMP047722,EMP047097,bvn_hash,0.95
EMP046988,EMP047613,bvn_hash,0.95
EMP046954,EMP047579,bvn_hash,0.95
EMP046832,EMP047457,bvn_hash,0.95
EMP046817,EMP047442,bvn_hash,0.95
EMP047746,EMP047121,bvn_hash,0.95
EMP046605,EMP047230,bvn_hash,0.95
EMP047352,EMP046727,bvn_hash,0.95
EMP047228,EMP046603,bvn_hash,0.95
EMP046672,EMP047297,bvn_hash,0.95
EMP046976,EMP047601,bvn_hash,0.95
EMP047443,EMP046818,bvn_hash,0.95
EMP046705,EMP047330,bvn_hash,0.95
EMP046712,EMP047337,bvn_hash,0.95
EMP047029,EMP047654,bvn_hash,0.95
EMP047677,EMP047052,bvn_hash,0.95
EMP047496,EMP046871,bvn_hash,0.95
EMP047236,EMP046611,bvn_hash,0.95
EMP047572,EMP046947,bvn_hash,0.95
EMP047035,EMP047660,bvn_hash,0.95
EMP046864,EMP047489,bvn_hash,0.95
EMP047338,EMP046713,bvn_hash,0.95
EMP047587,EMP046962,bvn_hash,0.95
EMP047233,EMP046608,bvn_hash,0.95
EMP047078,EMP047703,bvn_hash,0.95
EMP046929,EMP047554,bvn_hash,0.95
EMP046906,EMP047531,bvn_hash,0.95
EMP046964,EMP047589,bvn_hash,0.95
EMP047218,EMP046593,bvn_hash,0.95
EMP047502,EMP046877,bvn_hash,0.95
EMP047715,EMP047090,bvn_hash,0.95
EMP046701,EMP047326,bvn_hash,0.95
EMP047514,EMP046889,bvn_hash,0.95
EMP047517,EMP046892,bvn_hash,0.95
EMP046606,EMP047231,bvn_hash,0.95
EMP046709,EMP047334,bvn_hash,0.95
EMP046937,EMP047562,bvn_hash,0.95
EMP046517,EMP047142,bvn_hash,0.95
EMP047510,EMP046885,bvn_hash,0.95
EMP047143,EMP046518,bvn_hash,0.95
EMP047285,EMP046660,bvn_hash,0.95
EMP046839,EMP047464,bvn_hash,0.95
EMP046565,EMP047190,bvn_hash,0.95
EMP047153,EMP046528,bvn_hash,0.95
EMP047187,EMP046562,bvn_hash,0.95
EMP046688,EMP047313,bvn_hash,0.95
EMP046762,EMP047387,bvn_hash,0.95
EMP046806,EMP047431,bvn_hash,0.95
EMP046969,EMP047594,bvn_hash,0.95
EMP047617,EMP046992,bvn_hash,0.95
EMP046722,EMP047347,bvn_hash,0.95
EMP046671,EMP047296,bvn_hash,0.95
EMP047482,EMP046857,bvn_hash,0.95
EMP047245,EMP046620,bvn_hash,0.95
EMP047042,EMP047667,bvn_hash,0.95
EMP047402,EMP046777,bvn_hash,0.95
EMP046729,EMP047354,bvn_hash,0.95
EMP046891,EMP047516,bvn_hash,0.95
EMP047215,EMP046590,bvn_hash,0.95
EMP046592,EMP047217,bvn_hash,0.95
EMP047016,EMP047641,bvn_hash,0.95
EMP046635,EMP047260,bvn_hash,0.95
EMP046920,EMP047545,bvn_hash,0.95
EMP046908,EMP047533,bvn_hash,0.95
EMP047644,EMP047019,bvn_hash,0.95
EMP047547,EMP046922,bvn_hash,0.95
EMP046655,EMP047280,bvn_hash,0.95
EMP046616,EMP047241,bvn_hash,0.95
EMP047120,EMP047745,bvn_hash,0.95
EMP047685,EMP047060,bvn_hash,0.95
EMP046597,EMP047222,bvn_hash,0.95
EMP047020,EMP047645,bvn_hash,0.95
EMP046582,EMP047207,bvn_hash,0.95
EMP046965,EMP047590,bvn_hash,0.95
EMP047612,EMP046987,bvn_hash,0.95
EMP047534,EMP046909,bvn_hash,0.95
EMP047412,EMP046787,bvn_hash,0.95
EMP047436,EMP046811,bvn_hash,0.95
EMP046956,EMP047581,bvn_hash,0.95
EMP046683,EMP047308,bvn_hash,0.95
EMP046790,EMP047415,bvn_hash,0.95
EMP047508,EMP046883,bvn_hash,0.95
EMP047341,EMP046716,bvn_hash,0.95
EMP047059,EMP047684,bvn_hash,0.95
EMP047661,EMP047036,bvn_hash,0.95
EMP046830,EMP047455,bvn_hash,0.95
EMP046957,EMP047582,bvn_hash,0.95
EMP047006,EMP047631,bvn_hash,0.95
EMP047445,EMP046820,bvn_hash,0.95
EMP046744,EMP047369,bvn_hash,0.95
EMP047723,EMP047098,bvn_hash,0.95
EMP046952,EMP047577,bvn_hash,0.95
EMP046968,EMP047593,bvn_hash,0.95
EMP046764,EMP047389,bvn_hash,0.95
EMP046725,EMP047350,bvn_hash,0.95
EMP047713,EMP047088,bvn_hash,0.95
EMP047284,EMP046659,bvn_hash,0.95
EMP047364,EMP046739,bvn_hash,0.95
EMP046924,EMP047549,bvn_hash,0.95
EMP046745,EMP047370,bvn_hash,0.95
EMP046887,EMP047512,bvn_hash,0.95
EMP046569,EMP047194,bvn_hash,0.95
EMP047471,EMP046846,bvn_hash,0.95
EMP046859,EMP047484,bvn_hash,0.95
EMP046858,EMP047483,bvn_hash,0.95
EMP046718,EMP047343,bvn_hash,0.95
EMP047434,EMP046809,bvn_hash,0.95
EMP046904,EMP047529,bvn_hash,0.95
EMP046568,EMP047193,bvn_hash,0.95
EMP047625,EMP047000,bvn_hash,0.95
EMP047546,EMP046921,bvn_hash,0.95
EMP047278,EMP046653,bvn_hash,0.95
EMP047724,EMP047099,bvn_hash,0.95
EMP047563,EMP046938,bvn_hash,0.95
EMP047691,EMP047066,bvn_hash,0.95
EMP047128,EMP046503,bvn_hash,0.95
EMP046519,EMP047144,bvn_hash,0.95
EMP047721,EMP047096,bvn_hash,0.95
EMP046793,EMP047418,bvn_hash,0.95
EMP047479,EMP046854,bvn_hash,0.95
EMP047674,EMP047049,bvn_hash,0.95
EMP047155,EMP046530,bvn_hash,0.95
EMP047132,EMP046507,bvn_hash,0.95
EMP047588,EMP046963,bvn_hash,0.95
EMP047475,EMP046850,bvn_hash,0.95
EMP046563,EMP047188,bvn_hash,0.95
EMP047409,EMP046784,bvn_hash,0.95
EMP047256,EMP046631,bvn_hash,0.95
EMP046588,EMP047213,bvn_hash,0.95
EMP046759,EMP047384,bvn_hash,0.95
EMP047522,EMP046897,bvn_hash,0.95
EMP047039,EMP047664,bvn_hash,0.95
EMP046677,EMP047302,bvn_hash,0.95
EMP047125,EMP046500,bvn_hash,0.95
EMP046998,EMP047623,bvn_hash,0.95
EMP047701,EMP047076,bvn_hash,0.95
EMP047210,EMP046585,bvn_hash,0.95
EMP047082,EMP047707,bvn_hash,0.95
EMP047719,EMP047094,bvn_hash,0.95
EMP047688,EMP047063,bvn_hash,0.95
EMP047385,EMP046760,bvn_hash,0.95
EMP047391,EMP046766,bvn_hash,0.95
EMP047486,EMP046861,bvn_hash,0.95
EMP046586,EMP047211,bvn_hash,0.95
EMP047312,EMP046687,bvn_hash,0.95
EMP047515,EMP046890,bvn_hash,0.95
EMP047536,EMP046911,bvn_hash,0.95
EMP047151,EMP046526,bvn_hash,0.95
EMP047003,EMP047628,bvn_hash,0.95
EMP047622,EMP046997,bvn_hash,0.95
EMP046575,EMP047200,bvn_hash,0.95
EMP047600,EMP046975,bvn_hash,0.95
EMP046751,EMP047376,bvn_hash,0.95
EMP046619,EMP047244,bvn_hash,0.95
EMP046841,EMP047466,bvn_hash,0.95
EMP046535,EMP047160,bvn_hash,0.95
EMP046646,EMP047271,bvn_hash,0.95
EMP047110,EMP047735,bvn_hash,0.95
EMP047274,EMP046649,bvn_hash,0.95
EMP047116,EMP047741,bvn_hash,0.95
EMP046866,EMP047491,bvn_hash,0.95
EMP047342,EMP046717,bvn_hash,0.95
EMP046973,EMP047598,bvn_hash,0.95
EMP046602,EMP047227,bvn_hash,0.95
EMP047018,EMP047643,bvn_hash,0.95
EMP046786,EMP047411,bvn_hash,0.95
EMP046703,EMP047328,bvn_hash,0.95
EMP047632,EMP047007,bvn_hash,0.95
EMP047585,EMP046960,bvn_hash,0.95
EMP047262,EMP046637,bvn_hash,0.95
EMP046785,EMP047410,bvn_hash,0.95
EMP047569,EMP046944,bvn_hash,0.95
EMP047378,EMP046753,bvn_hash,0.95
EMP047532,EMP046907,bvn_hash,0.95
EMP047139,EMP046514,bvn_hash,0.95
EMP047541,EMP046916,bvn_hash,0.95
EMP046564,EMP047189,bvn_hash,0.95
EMP047424,EMP046799,bvn_hash,0.95
EMP047336,EMP046711,bvn_hash,0.95
EMP046867,EMP047492,bvn_hash,0.95
EMP047034,EMP047659,bvn_hash,0.95
EMP047234,EMP046609,bvn_hash,0.95
EMP047497,EMP046872,bvn_hash,0.95
EMP047595,EMP046970,bvn_hash,0.95
EMP047015,EMP047640,bvn_hash,0.95
EMP047444,EMP046819,bvn_hash,0.95
EMP047380,EMP046755,bvn_hash,0.95
EMP047567,EMP046942,bvn_hash,0.95
EMP046527,EMP047152,bvn_hash,0.95
EMP047610,EMP046985,bvn_hash,0.95
EMP047642,EMP047017,bvn_hash,0.95
EMP046783,EMP047408,bvn_hash,0.95
EMP047366,EMP046741,bvn_hash,0.95
EMP047149,EMP046524,bvn_hash,0.95
EMP046862,EMP047487,bvn_hash,0.95
EMP047689,EMP047064,bvn_hash,0.95
EMP046651,EMP047276,bvn_hash,0.95
EMP047293,EMP046668,bvn_hash,0.95
EMP047535,EMP046910,bvn_hash,0.95
EMP047008,EMP047633,bvn_hash,0.95
EMP047749,EMP047124,bvn_hash,0.95
EMP047646,EMP047021,bvn_hash,0.95
EMP047173,EMP046548,bvn_hash,0.95
EMP047394,EMP046769,bvn_hash,0.95
EMP046511,EMP047136,bvn_hash,0.95
EMP047270,EMP046645,bvn_hash,0.95
EMP046622,EMP047247,bvn_hash,0.95
EMP047032,EMP047657,bvn_hash,0.95
EMP046886,EMP047511,bvn_hash,0.95
EMP047396,EMP046771,bvn_hash,0.95
EMP046967,EMP047592,bvn_hash,0.95
EMP047462,EMP046837,bvn_hash,0.95
EMP047026,EMP047651,bvn_hash,0.95
EMP046520,EMP047145,bvn_hash,0.95
EMP046732,EMP047357,bvn_hash,0.95
EMP047603,EMP046978,bvn_hash,0.95
EMP047196,EMP046571,bvn_hash,0.95
EMP046706,EMP047331,bvn_hash,0.95
EMP047040,EMP047665,bvn_hash,0.95
EMP046601,EMP047226,bvn_hash,0.95
EMP047694,EMP047069,bvn_hash,0.95
EMP047421,EMP046796,bvn_hash,0.95
EMP046710,EMP047335,bvn_hash,0.95
EMP046840,EMP047465,bvn_hash,0.95
EMP047115,EMP047740,bvn_hash,0.95
EMP047259,EMP046634,bvn_hash,0.95
EMP047300,EMP046675,bvn_hash,0.95
EMP047463,EMP046838,bvn_hash,0.95
EMP047345,EMP046720,bvn_hash,0.95
EMP047400,EMP046775,bvn_hash,0.95
EMP046833,EMP047458,bvn_hash,0.95
EMP047597,EMP046972,bvn_hash,0.95
EMP047548,EMP046923,bvn_hash,0.95
EMP047106,EMP047731,bvn_hash,0.95
EMP047570,EMP046945,bvn_hash,0.95
EMP046875,EMP047500,bvn_hash,0.95
EMP047700,EMP047075,bvn_hash,0.95
EMP047223,EMP046598,bvn_hash,0.95
EMP046914,EMP047539,bvn_hash,0.95
EMP047062,EMP047687,bvn_hash,0.95
EMP047468,EMP046843,bvn_hash,0.95
EMP046641,EMP047266,bvn_hash,0.95
EMP047407,EMP046782,bvn_hash,0.95
EMP047439,EMP046814,bvn_hash,0.95
EMP047185,EMP046560,bvn_hash,0.95
EMP047013,EMP047638,bvn_hash,0.95
EMP046813,EMP047438,bvn_hash,0.95
EMP047552,EMP046927,bvn_hash,0.95
EMP047634,EMP047009,bvn_hash,0.95
EMP046673,EMP047298,bvn_hash,0.95
EMP047169,EMP046544,bvn_hash,0.95
EMP047518,EMP046893,bvn_hash,0.95
EMP046958,EMP047583,bvn_hash,0.95
EMP047682,EMP047057,bvn_hash,0.95
EMP047501,EMP046876,bvn_hash,0.95
EMP047348,EMP046723,bvn_hash,0.95
EMP046537,EMP047162,bvn_hash,0.95
EMP047363,EMP046738,bvn_hash,0.95
EMP046815,EMP047440,bvn_hash,0.95
EMP047212,EMP046587,bvn_hash,0.95
EMP046510,EMP047135,bvn_hash,0.95
EMP047058,EMP047683,bvn_hash,0.95
EMP046533,EMP047158,bvn_hash,0.95
EMP047686,EMP047061,bvn_hash,0.95
EMP047114,EMP047739,bvn_hash,0.95
EMP047104,EMP047729,bvn_hash,0.95
EMP046896,EMP047521,bvn_hash,0.95
EMP047520,EMP046895,bvn_hash,0.95
EMP047176,EMP046551,bvn_hash,0.95
EMP047666,EMP047041,bvn_hash,0.95
EMP047404,EMP046779,bvn_hash,0.95
EMP046735,EMP047360,bvn_hash,0.95
EMP047477,EMP046852,bvn_hash,0.95
EMP046513,EMP047138,bvn_hash,0.95
EMP046558,EMP047183,bvn_hash,0.95
EMP046506,EMP047131,bvn_hash,0.95
EMP046993,EMP047618,bvn_hash,0.95
EMP046874,EMP047499,bvn_hash,0.95
EMP047027,EMP047652,bvn_hash,0.95
EMP047374,EMP046749,bvn_hash,0.95
EMP046736,EMP047361,bvn_hash,0.95
EMP046550,EMP047175,bvn_hash,0.95
EMP046566,EMP047191,bvn_hash,0.95
EMP047733,EMP047108,bvn_hash,0.95
EMP046898,EMP047523,bvn_hash,0.95
EMP046504,EMP047129,bvn_hash,0.95
EMP046626,EMP047251,bvn_hash,0.95
EMP046734,EMP047359,bvn_hash,0.95
EMP046648,EMP047273,bvn_hash,0.95
EMP046538,EMP047163,bvn_hash,0.95
EMP047503,EMP046878,bvn_hash,0.95
EMP046639,EMP047264,bvn_hash,0.95
EMP046532,EMP047157,bvn_hash,0.95
EMP047705,EMP047080,bvn_hash,0.95
EMP046692,EMP047317,bvn_hash,0.95
EMP047307,EMP046682,bvn_hash,0.95
EMP047002,EMP047627,bvn_hash,0.95
EMP047282,EMP046657,bvn_hash,0.95
EMP047528,EMP046903,bvn_hash,0.95
EMP047291,EMP046666,bvn_hash,0.95
EMP047648,EMP047023,bvn_hash,0.95
EMP046594,EMP047219,bvn_hash,0.95
EMP046625,EMP047250,bvn_hash,0.95
EMP046823,EMP047448,bvn_hash,0.95
EMP046629,EMP047254,bvn_hash,0.95
EMP047164,EMP046539,bvn_hash,0.95
EMP047166,EMP046541,bvn_hash,0.95
EMP046728,EMP047353,bvn_hash,0.95
EMP047737,EMP047112,bvn_hash,0.95
EMP047101,EMP047726,bvn_hash,0.95
EMP047507,EMP046882,bvn_hash,0.95
EMP047292,EMP046667,bvn_hash,0.95
EMP046994,EMP047619,bvn_hash,0.95
EMP046536,EMP047161,bvn_hash,0.95
EMP046691,EMP047316,bvn_hash,0.95
EMP047586,EMP046961,bvn_hash,0.95
EMP047403,EMP046778,bvn_hash,0.95
EMP047397,EMP046772,bvn_hash,0.95
EMP046707,EMP047332,bvn_hash,0.95
EMP047047,EMP047672,bvn_hash,0.95
EMP046708,EMP047333,bvn_hash,0.95
EMP046559,EMP047184,bvn_hash,0.95
EMP047123,EMP047748,bvn_hash,0.95
EMP047325,EMP046700,bvn_hash,0.95
EMP015520,EMP030306,nin_hash,0.95
EMP046294,EMP045544,acct_hash,0.95
EMP045577,EMP046327,acct_hash,0.95
EMP046493,EMP045743,acct_hash,0.95
EMP045990,EMP045240,acct_hash,0.95
EMP045446,EMP046196,acct_hash,0.95
EMP045871,EMP045121,acct_hash,0.95
EMP045110,EMP045860,acct_hash,0.95
EMP045842,EMP045092,acct_hash,0.95
EMP045853,EMP045103,acct_hash,0.95
EMP046022,EMP045272,acct_hash,0.95
EMP045907,EMP045157,acct_hash,0.95
EMP045964,EMP045214,acct_hash,0.95
EMP045636,EMP046386,acct_hash,0.95
EMP045722,EMP046472,acct_hash,0.95
EMP045285,EMP046035,acct_hash,0.95
EMP045909,EMP045159,acct_hash,0.95
EMP046347,EMP045597,acct_hash,0.95
EMP045149,EMP045899,acct_hash,0.95
EMP046024,EMP045274,acct_hash,0.95
EMP046325,EMP045575,acct_hash,0.95
EMP045667,EMP046417,acct_hash,0.95
EMP045435,EMP046185,acct_hash,0.95
EMP046000,EMP045250,acct_hash,0.95
EMP045444,EMP046194,acct_hash,0.95
EMP045016,EMP045766,acct_hash,0.95
EMP045777,EMP045027,acct_hash,0.95
EMP046191,EMP045441,acct_hash,0.95
EMP045542,EMP046292,acct_hash,0.95
EMP045794,EMP045044,acct_hash,0.95
EMP046075,EMP045325,acct_hash,0.95
EMP046248,EMP045498,acct_hash,0.95
EMP045359,EMP046109,acct_hash,0.95
EMP045782,EMP045032,acct_hash,0.95
EMP045466,EMP046216,acct_hash,0.95
EMP045133,EMP045883,acct_hash,0.95
EMP046373,EMP045623,acct_hash,0.95
EMP046465,EMP045715,acct_hash,0.95
EMP045144,EMP045894,acct_hash,0.95
EMP045672,EMP046422,acct_hash,0.95
EMP045114,EMP045864,acct_hash,0.95
EMP045307,EMP046057,acct_hash,0.95
EMP045333,EMP046083,acct_hash,0.95
EMP046364,EMP045614,acct_hash,0.95
EMP045469,EMP046219,acct_hash,0.95
EMP045934,EMP045184,acct_hash,0.95
EMP045841,EMP045091,acct_hash,0.95
EMP045226,EMP045976,acct_hash,0.95
EMP045357,EMP046107,acct_hash,0.95
EMP046233,EMP045483,acct_hash,0.95
EMP045067,EMP045817,acct_hash,0.95
EMP046189,EMP045439,acct_hash,0.95
EMP045229,EMP045979,acct_hash,0.95
EMP045933,EMP045183,acct_hash,0.95
EMP046469,EMP045719,acct_hash,0.95
EMP045343,EMP046093,acct_hash,0.95
EMP045702,EMP046452,acct_hash,0.95
EMP046408,EMP045658,acct_hash,0.95
EMP045605,EMP046355,acct_hash,0.95
EMP045179,EMP045929,acct_hash,0.95
EMP046314,EMP045564,acct_hash,0.95
EMP046296,EMP045546,acct_hash,0.95
EMP045534,EMP046284,acct_hash,0.95
EMP046242,EMP045492,acct_hash,0.95
EMP046063,EMP045313,acct_hash,0.95
EMP045991,EMP045241,acct_hash,0.95
EMP046376,EMP045626,acct_hash,0.95
EMP046246,EMP045496,acct_hash,0.95
EMP046053,EMP045303,acct_hash,0.95
EMP045520,EMP046270,acct_hash,0.95
EMP045956,EMP045206,acct_hash,0.95
EMP045402,EMP046152,acct_hash,0.95
EMP045576,EMP046326,acct_hash,0.95
EMP046358,EMP045608,acct_hash,0.95
EMP045185,EMP045935,acct_hash,0.95
EMP046320,EMP045570,acct_hash,0.95
EMP045171,EMP045921,acct_hash,0.95
EMP045763,EMP045013,acct_hash,0.95
EMP046434,EMP045684,acct_hash,0.95
EMP046407,EMP045657,acct_hash,0.95
EMP045915,EMP045165,acct_hash,0.95
EMP045443,EMP046193,acct_hash,0.95
EMP046113,EMP045363,acct_hash,0.95
EMP046293,EMP045543,acct_hash,0.95
EMP045335,EMP046085,acct_hash,0.95
EMP045361,EMP046111,acct_hash,0.95
EMP046160,EMP045410,acct_hash,0.95
EMP046275,EMP045525,acct_hash,0.95
EMP045354,EMP046104,acct_hash,0.95
EMP045421,EMP046171,acct_hash,0.95
EMP046317,EMP045567,acct_hash,0.95
EMP045810,EMP045060,acct_hash,0.95
EMP045451,EMP046201,acct_hash,0.95
EMP045447,EMP046197,acct_hash,0.95
EMP045768,EMP045018,acct_hash,0.95
EMP045562,EMP046312,acct_hash,0.95
EMP045759,EMP045009,acct_hash,0.95
EMP045650,EMP046400,acct_hash,0.95
EMP046357,EMP045607,acct_hash,0.95
EMP046078,EMP045328,acct_hash,0.95
EMP045656,EMP046406,acct_hash,0.95
EMP046308,EMP045558,acct_hash,0.95
EMP045942,EMP045192,acct_hash,0.95
EMP045145,EMP045895,acct_hash,0.95
EMP046198,EMP045448,acct_hash,0.95
EMP045721,EMP046471,acct_hash,0.95
EMP045747,EMP046497,acct_hash,0.95
EMP045704,EMP046454,acct_hash,0.95
EMP045278,EMP046028,acct_hash,0.95
EMP046025,EMP045275,acct_hash,0.95
EMP046020,EMP045270,acct_hash,0.95
EMP045390,EMP046140,acct_hash,0.95
EMP045807,EMP045057,acct_hash,0.95
EMP046177,EMP045427,acct_hash,0.95
EMP046483,EMP045733,acct_hash,0.95
EMP045119,EMP045869,acct_hash,0.95
EMP046008,EMP045258,acct_hash,0.95
EMP046159,EMP045409,acct_hash,0.95
EMP046470,EMP045720,acct_hash,0.95
EMP045345,EMP046095,acct_hash,0.95
EMP046202,EMP045452,acct_hash,0.95
EMP045286,EMP046036,acct_hash,0.95
EMP045370,EMP046120,acct_hash,0.95
EMP045903,EMP045153,acct_hash,0.95
EMP045470,EMP046220,acct_hash,0.95
EMP045568,EMP046318,acct_hash,0.95
EMP045074,EMP045824,acct_hash,0.95
EMP045819,EMP045069,acct_hash,0.95
EMP046349,EMP045599,acct_hash,0.95
EMP045962,EMP045212,acct_hash,0.95
EMP046224,EMP045474,acct_hash,0.95
EMP045056,EMP045806,acct_hash,0.95
EMP045973,EMP045223,acct_hash,0.95
EMP046444,EMP045694,acct_hash,0.95
EMP046241,EMP045491,acct_hash,0.95
EMP046244,EMP045494,acct_hash,0.95
EMP045251,EMP046001,acct_hash,0.95
EMP045651,EMP046401,acct_hash,0.95
EMP045870,EMP045120,acct_hash,0.95
EMP045008,EMP045758,acct_hash,0.95
EMP045752,EMP045002,acct_hash,0.95
EMP045522,EMP046272,acct_hash,0.95
EMP046133,EMP045383,acct_hash,0.95
EMP045173,EMP045923,acct_hash,0.95
EMP046258,EMP045508,acct_hash,0.95
EMP046456,EMP045706,acct_hash,0.95
EMP046048,EMP045298,acct_hash,0.95
EMP045207,EMP045957,acct_hash,0.95
EMP045304,EMP046054,acct_hash,0.95
EMP045774,EMP045024,acct_hash,0.95
EMP046283,EMP045533,acct_hash,0.95
EMP045311,EMP046061,acct_hash,0.95
EMP045090,EMP045840,acct_hash,0.95
EMP045675,EMP046425,acct_hash,0.95
EMP046070,EMP045320,acct_hash,0.95
EMP045384,EMP046134,acct_hash,0.95
EMP046356,EMP045606,acct_hash,0.95
EMP046082,EMP045332,acct_hash,0.95
EMP045904,EMP045154,acct_hash,0.95
EMP046392,EMP045642,acct_hash,0.95
EMP045485,EMP046235,acct_hash,0.95
EMP045785,EMP045035,acct_hash,0.95
EMP045137,EMP045887,acct_hash,0.95
EMP045235,EMP045985,acct_hash,0.95
EMP045755,EMP045005,acct_hash,0.95
EMP045048,EMP045798,acct_hash,0.95
EMP045693,EMP046443,acct_hash,0.95
EMP046266,EMP045516,acct_hash,0.95
EMP045854,EMP045104,acct_hash,0.95
EMP045261,EMP046011,acct_hash,0.95
EMP046439,EMP045689,acct_hash,0.95
EMP046245,EMP045495,acct_hash,0.95
EMP046103,EMP045353,acct_hash,0.95
EMP045712,EMP046462,acct_hash,0.95
EMP045796,EMP045046,acct_hash,0.95
EMP045367,EMP046117,acct_hash,0.95
EMP045246,EMP045996,acct_hash,0.95
EMP045166,EMP045916,acct_hash,0.95
EMP045281,EMP046031,acct_hash,0.95
EMP046256,EMP045506,acct_hash,0.95
EMP045269,EMP046019,acct_hash,0.95
EMP046125,EMP045375,acct_hash,0.95
EMP045062,EMP045812,acct_hash,0.95
EMP045831,EMP045081,acct_hash,0.95
EMP046221,EMP045471,acct_hash,0.95
EMP046397,EMP045647,acct_hash,0.95
EMP045850,EMP045100,acct_hash,0.95
EMP046385,EMP045635,acct_hash,0.95
EMP046236,EMP045486,acct_hash,0.95
EMP045857,EMP045107,acct_hash,0.95
EMP045652,EMP046402,acct_hash,0.95
EMP046466,EMP045716,acct_hash,0.95
EMP046049,EMP045299,acct_hash,0.95
EMP045947,EMP045197,acct_hash,0.95
EMP045405,EMP046155,acct_hash,0.95
EMP045596,EMP046346,acct_hash,0.95
EMP045245,EMP045995,acct_hash,0.95
EMP045482,EMP046232,acct_hash,0.95
EMP045283,EMP046033,acct_hash,0.95
EMP045839,EMP045089,acct_hash,0.95
EMP045594,EMP046344,acct_hash,0.95
EMP045875,EMP045125,acct_hash,0.95
EMP045021,EMP045771,acct_hash,0.95
EMP045387,EMP046137,acct_hash,0.95
EMP045863,EMP045113,acct_hash,0.95
EMP045467,EMP046217,acct_hash,0.95
EMP045963,EMP045213,acct_hash,0.95
EMP045277,EMP046027,acct_hash,0.95
EMP045982,EMP045232,acct_hash,0.95
EMP045930,EMP045180,acct_hash,0.95
EMP045560,EMP046310,acct_hash,0.95
EMP046428,EMP045678,acct_hash,0.95
EMP045425,EMP046175,acct_hash,0.95
EMP045322,EMP046072,acct_hash,0.95
EMP045620,EMP046370,acct_hash,0.95
EMP045954,EMP045204,acct_hash,0.95
EMP045554,EMP046304,acct_hash,0.95
EMP046094,EMP045344,acct_hash,0.95
EMP045830,EMP045080,acct_hash,0.95
EMP045382,EMP046132,acct_hash,0.95
EMP046395,EMP045645,acct_hash,0.95
EMP046030,EMP045280,acct_hash,0.95
EMP045900,EMP045150,acct_hash,0.95
EMP045751,EMP045001,acct_hash,0.95
EMP045267,EMP046017,acct_hash,0.95
EMP045527,EMP046277,acct_hash,0.95
EMP045898,EMP045148,acct_hash,0.95
EMP046378,EMP045628,acct_hash,0.95
EMP045988,EMP045238,acct_hash,0.95
EMP045404,EMP046154,acct_hash,0.95
EMP045340,EMP046090,acct_hash,0.95
EMP045428,EMP046178,acct_hash,0.95
EMP045342,EMP046092,acct_hash,0.95
EMP045463,EMP046213,acct_hash,0.95
EMP045388,EMP046138,acct_hash,0.95
EMP045430,EMP046180,acct_hash,0.95
EMP045254,EMP046004,acct_hash,0.95
EMP046179,EMP045429,acct_hash,0.95
EMP045978,EMP045228,acct_hash,0.95
EMP045673,EMP046423,acct_hash,0.95
EMP045321,EMP046071,acct_hash,0.95
EMP046445,EMP045695,acct_hash,0.95
EMP046046,EMP045296,acct_hash,0.95
EMP045468,EMP046218,acct_hash,0.95
EMP045146,EMP045896,acct_hash,0.95
EMP045301,EMP046051,acct_hash,0.95
EMP045234,EMP045984,acct_hash,0.95
EMP045756,EMP045006,acct_hash,0.95
EMP045156,EMP045906,acct_hash,0.95
EMP046255,EMP045505,acct_hash,0.95
EMP046149,EMP045399,acct_hash,0.95
EMP045122,EMP045872,acct_hash,0.95
EMP046009,EMP045259,acct_hash,0.95
EMP046494,EMP045744,acct_hash,0.95
EMP045811,EMP045061,acct_hash,0.95
EMP045986,EMP045236,acct_hash,0.95
EMP045115,EMP045865,acct_hash,0.95
EMP046088,EMP045338,acct_hash,0.95
EMP045082,EMP045832,acct_hash,0.95
EMP046172,EMP045422,acct_hash,0.95
EMP045161,EMP045911,acct_hash,0.95
EMP045999,EMP045249,acct_hash,0.95
EMP045203,EMP045953,acct_hash,0.95
EMP045442,EMP046192,acct_hash,0.95
EMP045583,EMP046333,acct_hash,0.95
EMP046291,EMP045541,acct_hash,0.95
EMP045846,EMP045096,acct_hash,0.95
EMP045734,EMP046484,acct_hash,0.95
EMP046127,EMP045377,acct_hash,0.95
EMP045373,EMP046123,acct_hash,0.95
EMP045700,EMP046450,acct_hash,0.95
EMP045750,EMP045000,acct_hash,0.95
EMP046282,EMP045532,acct_hash,0.95
EMP045791,EMP045041,acct_hash,0.95
EMP046322,EMP045572,acct_hash,0.95
EMP046188,EMP045438,acct_hash,0.95
EMP046097,EMP045347,acct_hash,0.95
EMP045561,EMP046311,acct_hash,0.95
EMP046393,EMP045643,acct_hash,0.95
EMP046073,EMP045323,acct_hash,0.95
EMP045788,EMP045038,acct_hash,0.95
EMP045051,EMP045801,acct_hash,0.95
EMP046003,EMP045253,acct_hash,0.95
EMP045433,EMP046183,acct_hash,0.95
EMP045098,EMP045848,acct_hash,0.95
EMP045618,EMP046368,acct_hash,0.95
EMP046442,EMP045692,acct_hash,0.95
EMP045809,EMP045059,acct_hash,0.95
EMP045940,EMP045190,acct_hash,0.95
EMP045087,EMP045837,acct_hash,0.95
EMP045866,EMP045116,acct_hash,0.95
EMP045237,EMP045987,acct_hash,0.95
EMP045890,EMP045140,acct_hash,0.95
EMP045886,EMP045136,acct_hash,0.95
EMP045395,EMP046145,acct_hash,0.95
EMP045754,EMP045004,acct_hash,0.95
EMP046209,EMP045459,acct_hash,0.95
EMP046200,EMP045450,acct_hash,0.95
EMP045876,EMP045126,acct_hash,0.95
EMP046339,EMP045589,acct_hash,0.95
EMP046366,EMP045616,acct_hash,0.95
EMP045609,EMP046359,acct_hash,0.95
EMP045762,EMP045012,acct_hash,0.95
EMP045205,EMP045955,acct_hash,0.95
EMP045690,EMP046440,acct_hash,0.95
EMP045691,EMP046441,acct_hash,0.95
EMP045573,EMP046323,acct_hash,0.95
EMP045931,EMP045181,acct_hash,0.95
EMP046338,EMP045588,acct_hash,0.95
EMP046142,EMP045392,acct_hash,0.95
EMP045086,EMP045836,acct_hash,0.95
EMP045578,EMP046328,acct_hash,0.95
EMP045252,EMP046002,acct_hash,0.95
EMP045790,EMP045040,acct_hash,0.95
EMP046495,EMP045745,acct_hash,0.95
EMP046115,EMP045365,acct_hash,0.95
EMP045705,EMP046455,acct_hash,0.95
EMP046260,EMP045510,acct_hash,0.95
EMP045330,EMP046080,acct_hash,0.95
EMP045078,EMP045828,acct_hash,0.95
EMP045688,EMP046438,acct_hash,0.95
EMP045664,EMP046414,acct_hash,0.95
EMP045547,EMP046297,acct_hash,0.95
EMP045456,EMP046206,acct_hash,0.95
EMP046042,EMP045292,acct_hash,0.95
EMP046040,EMP045290,acct_hash,0.95
EMP045158,EMP045908,acct_hash,0.95
EMP045130,EMP045880,acct_hash,0.95
EMP045497,EMP046247,acct_hash,0.95
EMP046409,EMP045659,acct_hash,0.95
EMP045600,EMP046350,acct_hash,0.95
EMP045276,EMP046026,acct_hash,0.95
EMP045938,EMP045188,acct_hash,0.95
EMP046098,EMP045348,acct_hash,0.95
EMP045724,EMP046474,acct_hash,0.95
EMP045108,EMP045858,acct_hash,0.95
EMP045845,EMP045095,acct_hash,0.95
EMP045014,EMP045764,acct_hash,0.95
EMP045827,EMP045077,acct_hash,0.95
EMP046050,EMP045300,acct_hash,0.95
EMP046380,EMP045630,acct_hash,0.95
EMP045393,EMP046143,acct_hash,0.95
EMP046112,EMP045362,acct_hash,0.95
EMP045557,EMP046307,acct_hash,0.95
EMP045201,EMP045951,acct_hash,0.95
EMP046336,EMP045586,acct_hash,0.95
EMP045627,EMP046377,acct_hash,0.95
EMP045559,EMP046309,acct_hash,0.95
EMP046108,EMP045358,acct_hash,0.95
EMP045641,EMP046391,acct_hash,0.95
EMP045464,EMP046214,acct_hash,0.95
EMP046032,EMP045282,acct_hash,0.95
EMP046278,EMP045528,acct_hash,0.95
EMP045230,EMP045980,acct_hash,0.95
EMP045134,EMP045884,acct_hash,0.95
EMP045216,EMP045966,acct_hash,0.95
EMP045713,EMP046463,acct_hash,0.95
EMP045912,EMP045162,acct_hash,0.95
EMP046431,EMP045681,acct_hash,0.95
EMP045920,EMP045170,acct_hash,0.95
EMP046135,EMP045385,acct_hash,0.95
EMP045517,EMP046267,acct_hash,0.95
EMP045412,EMP046162,acct_hash,0.95
EMP045736,EMP046486,acct_hash,0.95
EMP045970,EMP045220,acct_hash,0.95
EMP046398,EMP045648,acct_hash,0.95
EMP046399,EMP045649,acct_hash,0.95
EMP045218,EMP045968,acct_hash,0.95
EMP045670,EMP046420,acct_hash,0.95
EMP045974,EMP045224,acct_hash,0.95
EMP046038,EMP045288,acct_hash,0.95
EMP045746,EMP046496,acct_hash,0.95
EMP045053,EMP045803,acct_hash,0.95
EMP045117,EMP045867,acct_hash,0.95
EMP046227,EMP045477,acct_hash,0.95
EMP045686,EMP046436,acct_hash,0.95
EMP045042,EMP045792,acct_hash,0.95
EMP045257,EMP046007,acct_hash,0.95
EMP046337,EMP045587,acct_hash,0.95
EMP045948,EMP045198,acct_hash,0.95
EMP045437,EMP046187,acct_hash,0.95
EMP046295,EMP045545,acct_hash,0.95
EMP046334,EMP045584,acct_hash,0.95
EMP046268,EMP045518,acct_hash,0.95
EMP045337,EMP046087,acct_hash,0.95
EMP045378,EMP046128,acct_hash,0.95
EMP046476,EMP045726,acct_hash,0.95
EMP046129,EMP045379,acct_hash,0.95
EMP045221,EMP045971,acct_hash,0.95
EMP045888,EMP045138,acct_hash,0.95
EMP046076,EMP045326,acct_hash,0.95
EMP045833,EMP045083,acct_hash,0.95
EMP045394,EMP046144,acct_hash,0.95
EMP046005,EMP045255,acct_hash,0.95
EMP045455,EMP046205,acct_hash,0.95
EMP046464,EMP045714,acct_hash,0.95
EMP045050,EMP045800,acct_hash,0.95
EMP045356,EMP046106,acct_hash,0.95
EMP045753,EMP045003,acct_hash,0.95
EMP045566,EMP046316,acct_hash,0.95
EMP045926,EMP045176,acct_hash,0.95
EMP046118,EMP045368,acct_hash,0.95
EMP045621,EMP046371,acct_hash,0.95
EMP046176,EMP045426,acct_hash,0.95
EMP046165,EMP045415,acct_hash,0.95
EMP046299,EMP045549,acct_hash,0.95
EMP045374,EMP046124,acct_hash,0.95
EMP045244,EMP045994,acct_hash,0.95
EMP045191,EMP045941,acct_hash,0.95
EMP045215,EMP045965,acct_hash,0.95
EMP045461,EMP046211,acct_hash,0.95
EMP045775,EMP045025,acct_hash,0.95
EMP045735,EMP046485,acct_hash,0.95
EMP045511,EMP046261,acct_hash,0.95
EMP046303,EMP045553,acct_hash,0.95
EMP045297,EMP046047,acct_hash,0.95
EMP045536,EMP046286,acct_hash,0.95
EMP046298,EMP045548,acct_hash,0.95
EMP045637,EMP046387,acct_hash,0.95
EMP045054,EMP045804,acct_hash,0.95
EMP045732,EMP046482,acct_hash,0.95
EMP045687,EMP046437,acct_hash,0.95
EMP045834,EMP045084,acct_hash,0.95
EMP046429,EMP045679,acct_hash,0.95
EMP045530,EMP046280,acct_hash,0.95
EMP045504,EMP046254,acct_hash,0.95
EMP046131,EMP045381,acct_hash,0.95
EMP046210,EMP045460,acct_hash,0.95
EMP045701,EMP046451,acct_hash,0.95
EMP045045,EMP045795,acct_hash,0.95
EMP045479,EMP046229,acct_hash,0.95
EMP045861,EMP045111,acct_hash,0.95
EMP046058,EMP045308,acct_hash,0.95
EMP045478,EMP046228,acct_hash,0.95
EMP046342,EMP045592,acct_hash,0.95
EMP045063,EMP045813,acct_hash,0.95
EMP046468,EMP045718,acct_hash,0.95
EMP045844,EMP045094,acct_hash,0.95
EMP046457,EMP045707,acct_hash,0.95
EMP046348,EMP045598,acct_hash,0.95
EMP045868,EMP045118,acct_hash,0.95
EMP045859,EMP045109,acct_hash,0.95
EMP045168,EMP045918,acct_hash,0.95
EMP045622,EMP046372,acct_hash,0.95
EMP045591,EMP046341,acct_hash,0.95
EMP045147,EMP045897,acct_hash,0.95
EMP045075,EMP045825,acct_hash,0.95
EMP045519,EMP046269,acct_hash,0.95
EMP045668,EMP046418,acct_hash,0.95
EMP045674,EMP046424,acct_hash,0.95
EMP046181,EMP045431,acct_hash,0.95
EMP046491,EMP045741,acct_hash,0.95
EMP046203,EMP045453,acct_hash,0.95
EMP046130,EMP045380,acct_hash,0.95
EMP045737,EMP046487,acct_hash,0.95
EMP046375,EMP045625,acct_hash,0.95
EMP045945,EMP045195,acct_hash,0.95
EMP046039,EMP045289,acct_hash,0.95
EMP045802,EMP045052,acct_hash,0.95
EMP046360,EMP045610,acct_hash,0.95
EMP045401,EMP046151,acct_hash,0.95
EMP045398,EMP046148,acct_hash,0.95
EMP045287,EMP046037,acct_hash,0.95
EMP045015,EMP045765,acct_hash,0.95
EMP045349,EMP046099,acct_hash,0.95
EMP045490,EMP046240,acct_hash,0.95
EMP045783,EMP045033,acct_hash,0.95
EMP045826,EMP045076,acct_hash,0.95
EMP045055,EMP045805,acct_hash,0.95
EMP046447,EMP045697,acct_hash,0.95
EMP046449,EMP045699,acct_hash,0.95
EMP045386,EMP046136,acct_hash,0.95
EMP045523,EMP046273,acct_hash,0.95
EMP045039,EMP045789,acct_hash,0.95
EMP045022,EMP045772,acct_hash,0.95
EMP045317,EMP046067,acct_hash,0.95
EMP045663,EMP046413,acct_hash,0.95
EMP046100,EMP045350,acct_hash,0.95
EMP045612,EMP046362,acct_hash,0.95
EMP045902,EMP045152,acct_hash,0.95
EMP045640,EMP046390,acct_hash,0.95
EMP046481,EMP045731,acct_hash,0.95
EMP046492,EMP045742,acct_hash,0.95
EMP045011,EMP045761,acct_hash,0.95
EMP045043,EMP045793,acct_hash,0.95
EMP045172,EMP045922,acct_hash,0.95
EMP045856,EMP045106,acct_hash,0.95
EMP045371,EMP046121,acct_hash,0.95
EMP045396,EMP046146,acct_hash,0.95
EMP046173,EMP045423,acct_hash,0.95
EMP046182,EMP045432,acct_hash,0.95
EMP046467,EMP045717,acct_hash,0.95
EMP046147,EMP045397,acct_hash,0.95
EMP045319,EMP046069,acct_hash,0.95
EMP045698,EMP046448,acct_hash,0.95
EMP045346,EMP046096,acct_hash,0.95
EMP045310,EMP046060,acct_hash,0.95
EMP045227,EMP045977,acct_hash,0.95
EMP046411,EMP045661,acct_hash,0.95
EMP045563,EMP046313,acct_hash,0.95
EMP046421,EMP045671,acct_hash,0.95
EMP045066,EMP045816,acct_hash,0.95
EMP045885,EMP045135,acct_hash,0.95
EMP045601,EMP046351,acct_hash,0.95
EMP045882,EMP045132,acct_hash,0.95
EMP046446,EMP045696,acct_hash,0.95
EMP045260,EMP046010,acct_hash,0.95
EMP046265,EMP045515,acct_hash,0.95
EMP045537,EMP046287,acct_hash,0.95
EMP045526,EMP046276,acct_hash,0.95
EMP046315,EMP045565,acct_hash,0.95
EMP046023,EMP045273,acct_hash,0.95
EMP046289,EMP045539,acct_hash,0.95
EMP045327,EMP046077,acct_hash,0.95
EMP046012,EMP045262,acct_hash,0.95
EMP045967,EMP045217,acct_hash,0.95
EMP045677,EMP046427,acct_hash,0.95
EMP045582,EMP046332,acct_hash,0.95
EMP046489,EMP045739,acct_hash,0.95
EMP046041,EMP045291,acct_hash,0.95
EMP046212,EMP045462,acct_hash,0.95
EMP046419,EMP045669,acct_hash,0.95
EMP045424,EMP046174,acct_hash,0.95
EMP046169,EMP045419,acct_hash,0.95
EMP045473,EMP046223,acct_hash,0.95
EMP045072,EMP045822,acct_hash,0.95
EMP045499,EMP046249,acct_hash,0.95
EMP045400,EMP046150,acct_hash,0.95
EMP046204,EMP045454,acct_hash,0.95
EMP045036,EMP045786,acct_hash,0.95
EMP046119,EMP045369,acct_hash,0.95
EMP046453,EMP045703,acct_hash,0.95
EMP046329,EMP045579,acct_hash,0.95
EMP045293,EMP046043,acct_hash,0.95
EMP046363,EMP045613,acct_hash,0.95
EMP045969,EMP045219,acct_hash,0.95
EMP045472,EMP046222,acct_hash,0.95
EMP045633,EMP046383,acct_hash,0.95
EMP046199,EMP045449,acct_hash,0.95
EMP045167,EMP045917,acct_hash,0.95
EMP045590,EMP046340,acct_hash,0.95
EMP045760,EMP045010,acct_hash,0.95
EMP045160,EMP045910,acct_hash,0.95
EMP045457,EMP046207,acct_hash,0.95
EMP046045,EMP045295,acct_hash,0.95
EMP045992,EMP045242,acct_hash,0.95
EMP045329,EMP046079,acct_hash,0.95
EMP045334,EMP046084,acct_hash,0.95
EMP045007,EMP045757,acct_hash,0.95
EMP045682,EMP046432,acct_hash,0.95
EMP046065,EMP045315,acct_hash,0.95
EMP045049,EMP045799,acct_hash,0.95
EMP045728,EMP046478,acct_hash,0.95
EMP046330,EMP045580,acct_hash,0.95
EMP046345,EMP045595,acct_hash,0.95
EMP045708,EMP046458,acct_hash,0.95
EMP045407,EMP046157,acct_hash,0.95
EMP045124,EMP045874,acct_hash,0.95
EMP045210,EMP045960,acct_hash,0.95
EMP045972,EMP045222,acct_hash,0.95
EMP045085,EMP045835,acct_hash,0.95
EMP045997,EMP045247,acct_hash,0.95
EMP046473,EMP045723,acct_hash,0.95
EMP045950,EMP045200,acct_hash,0.95
EMP045535,EMP046285,acct_hash,0.95
EMP045738,EMP046488,acct_hash,0.95
EMP045729,EMP046479,acct_hash,0.95
EMP045944,EMP045194,acct_hash,0.95
EMP045727,EMP046477,acct_hash,0.95
EMP045891,EMP045141,acct_hash,0.95
EMP045779,EMP045029,acct_hash,0.95
EMP046013,EMP045263,acct_hash,0.95
EMP046264,EMP045514,acct_hash,0.95
EMP045079,EMP045829,acct_hash,0.95
EMP045615,EMP046365,acct_hash,0.95
EMP046156,EMP045406,acct_hash,0.95
EMP045776,EMP045026,acct_hash,0.95
EMP045662,EMP046412,acct_hash,0.95
EMP045847,EMP045097,acct_hash,0.95
EMP046435,EMP045685,acct_hash,0.95
EMP046086,EMP045336,acct_hash,0.95
EMP046161,EMP045411,acct_hash,0.95
EMP045619,EMP046369,acct_hash,0.95
EMP046239,EMP045489,acct_hash,0.95
EMP046416,EMP045666,acct_hash,0.95
EMP046068,EMP045318,acct_hash,0.95
EMP045914,EMP045164,acct_hash,0.95
EMP045998,EMP045248,acct_hash,0.95
EMP045769,EMP045019,acct_hash,0.95
EMP045862,EMP045112,acct_hash,0.95
EMP045507,EMP046257,acct_hash,0.95
EMP046081,EMP045331,acct_hash,0.95
EMP045569,EMP046319,acct_hash,0.95
EMP045538,EMP046288,acct_hash,0.95
EMP045749,EMP046499,acct_hash,0.95
EMP046029,EMP045279,acct_hash,0.95
EMP045521,EMP046271,acct_hash,0.95
EMP045186,EMP045936,acct_hash,0.95
EMP046215,EMP045465,acct_hash,0.95
EMP045611,EMP046361,acct_hash,0.95
EMP045602,EMP046352,acct_hash,0.95
EMP045928,EMP045178,acct_hash,0.95
EMP045993,EMP045243,acct_hash,0.95
EMP046168,EMP045418,acct_hash,0.95
EMP045644,EMP046394,acct_hash,0.95
EMP045889,EMP045139,acct_hash,0.95
EMP045629,EMP046379,acct_hash,0.95
EMP045709,EMP046459,acct_hash,0.95
EMP046190,EMP045440,acct_hash,0.95
EMP046490,EMP045740,acct_hash,0.95
EMP046475,EMP045725,acct_hash,0.95
EMP045655,EMP046405,acct_hash,0.95
EMP045878,EMP045128,acct_hash,0.95
EMP045312,EMP046062,acct_hash,0.95
EMP046410,EMP045660,acct_hash,0.95
EMP045632,EMP046382,acct_hash,0.95
EMP046195,EMP045445,acct_hash,0.95
EMP045484,EMP046234,acct_hash,0.95
EMP045555,EMP046305,acct_hash,0.95
EMP045946,EMP045196,acct_hash,0.95
EMP046461,EMP045711,acct_hash,0.95
EMP046302,EMP045552,acct_hash,0.95
EMP045676,EMP046426,acct_hash,0.95
EMP045208,EMP045958,acct_hash,0.95
EMP046374,EMP045624,acct_hash,0.95
EMP045501,EMP046251,acct_hash,0.95
EMP045849,EMP045099,acct_hash,0.95
EMP045339,EMP046089,acct_hash,0.95
EMP046306,EMP045556,acct_hash,0.95
EMP045182,EMP045932,acct_hash,0.95
EMP045818,EMP045068,acct_hash,0.95
EMP046381,EMP045631,acct_hash,0.95
EMP045271,EMP046021,acct_hash,0.95
EMP045231,EMP045981,acct_hash,0.95
EMP045961,EMP045211,acct_hash,0.95
EMP045020,EMP045770,acct_hash,0.95
EMP045879,EMP045129,acct_hash,0.95
EMP045209,EMP045959,acct_hash,0.95
EMP046018,EMP045268,acct_hash,0.95
EMP045266,EMP046016,acct_hash,0.95
EMP045352,EMP046102,acct_hash,0.95
EMP045502,EMP046252,acct_hash,0.95
EMP046281,EMP045531,acct_hash,0.95
EMP045593,EMP046343,acct_hash,0.95
EMP046238,EMP045488,acct_hash,0.95
EMP045653,EMP046403,acct_hash,0.95
EMP045873,EMP045123,acct_hash,0.95
EMP045163,EMP045913,acct_hash,0.95
EMP045493,EMP046243,acct_hash,0.95
EMP045073,EMP045823,acct_hash,0.95
EMP045780,EMP045030,acct_hash,0.95
EMP045634,EMP046384,acct_hash,0.95
EMP045037,EMP045787,acct_hash,0.95
EMP046184,EMP045434,acct_hash,0.95
EMP045403,EMP046153,acct_hash,0.95
EMP046091,EMP045341,acct_hash,0.95
EMP045773,EMP045023,acct_hash,0.95
EMP045901,EMP045151,acct_hash,0.95
EMP045877,EMP045127,acct_hash,0.95
EMP046141,EMP045391,acct_hash,0.95
EMP046263,EMP045513,acct_hash,0.95
EMP046331,EMP045581,acct_hash,0.95
EMP046164,EMP045414,acct_hash,0.95
EMP046056,EMP045306,acct_hash,0.95
EMP045034,EMP045784,acct_hash,0.95
EMP045071,EMP045821,acct_hash,0.95
EMP046158,EMP045408,acct_hash,0.95
EMP045233,EMP045983,acct_hash,0.95
EMP046353,EMP045603,acct_hash,0.95
EMP045524,EMP046274,acct_hash,0.95
EMP045316,EMP046066,acct_hash,0.95
EMP045284,EMP046034,acct_hash,0.95
EMP045638,EMP046388,acct_hash,0.95
EMP046166,EMP045416,acct_hash,0.95
EMP045617,EMP046367,acct_hash,0.95
EMP046231,EMP045481,acct_hash,0.95
EMP046290,EMP045540,acct_hash,0.95
EMP045155,EMP045905,acct_hash,0.95
EMP045852,EMP045102,acct_hash,0.95
EMP045730,EMP046480,acct_hash,0.95
EMP046354,EMP045604,acct_hash,0.95
EMP046116,EMP045366,acct_hash,0.95
EMP046044,EMP045294,acct_hash,0.95
EMP045058,EMP045808,acct_hash,0.95
EMP046015,EMP045265,acct_hash,0.95
EMP045436,EMP046186,acct_hash,0.95
EMP045767,EMP045017,acct_hash,0.95
EMP046259,EMP045509,acct_hash,0.95
EMP046498,EMP045748,acct_hash,0.95
EMP045193,EMP045943,acct_hash,0.95
EMP046126,EMP045376,acct_hash,0.95
EMP046122,EMP045372,acct_hash,0.95
EMP046055,EMP045305,acct_hash,0.95
EMP045065,EMP045815,acct_hash,0.95
EMP045031,EMP045781,acct_hash,0.95
EMP045680,EMP046430,acct_hash,0.95
EMP045131,EMP045881,acct_hash,0.95
EMP045551,EMP046301,acct_hash,0.95
EMP046014,EMP045264,acct_hash,0.95
EMP045710,EMP046460,acct_hash,0.95
EMP045574,EMP046324,acct_hash,0.95
EMP045820,EMP045070,acct_hash,0.95
EMP045351,EMP046101,acct_hash,0.95
EMP045324,EMP046074,acct_hash,0.95
EMP046225,EMP045475,acct_hash,0.95
EMP046335,EMP045585,acct_hash,0.95
EMP045256,EMP046006,acct_hash,0.95
EMP046250,EMP045500,acct_hash,0.95
EMP045355,EMP046105,acct_hash,0.95
EMP046404,EMP045654,acct_hash,0.95
EMP046226,EMP045476,acct_hash,0.95
EMP045239,EMP045989,acct_hash,0.95
EMP045949,EMP045199,acct_hash,0.95
EMP045919,EMP045169,acct_hash,0.95
EMP045851,EMP045101,acct_hash,0.95
EMP045646,EMP046396,acct_hash,0.95
EMP045088,EMP045838,acct_hash,0.95
EMP045855,EMP045105,acct_hash,0.95
EMP045892,EMP045142,acct_hash,0.95
EMP045814,EMP045064,acct_hash,0.95
EMP046433,EMP045683,acct_hash,0.95
EMP045503,EMP046253,acct_hash,0.95
EMP045302,EMP046052,acct_hash,0.95
EMP045480,EMP046230,acct_hash,0.95
EMP045639,EMP046389,acct_hash,0.95
EMP045529,EMP046279,acct_hash,0.95
EMP045778,EMP045028,acct_hash,0.95
EMP045187,EMP045937,acct_hash,0.95
EMP045093,EMP045843,acct_hash,0.95
EMP045143,EMP045893,acct_hash,0.95
EMP045364,EMP046114,acct_hash,0.95
EMP046262,EMP045512,acct_hash,0.95
EMP045389,EMP046139,acct_hash,0.95
EMP045925,EMP045175,acct_hash,0.95
EMP045189,EMP045939,acct_hash,0.95
EMP045177,EMP045927,acct_hash,0.95
EMP046237,EMP045487,acct_hash,0.95
EMP046170,EMP045420,acct_hash,0.95
EMP045975,EMP045225,acct_hash,0.95
EMP045047,EMP045797,acct_hash,0.95
EMP045309,EMP046059,acct_hash,0.95
EMP045924,EMP045174,acct_hash,0.95
EMP045571,EMP046321,acct_hash,0.95
EMP046300,EMP045550,acct_hash,0.95
EMP046064,EMP045314,acct_hash,0.95
EMP045417,EMP046167,acct_hash,0.95
EMP045413,EMP046163,acct_hash,0.95
EMP045458,EMP046208,acct_hash,0.95
EMP045202,EMP045952,acct_hash,0.95
EMP046415,EMP045665,acct_hash,0.95
EMP046110,EMP045360,acct_hash,0.95
